ID,URL,Views,Tempo da Página,Clicks,Data,Título Limpo,Tag Produto,Taxa Conversão
4040,https://aiqon.com.br/blog/action1-chega-a-aiqon-100-de-cobertura-de-patches-em-apenas-5-minutos/,4,16,13,2025-06-11,Action1 Chega A Aiqon 100 De Cobertura De Patches Em Apenas 5 Minutos,Action1,3.25
4277,https://aiqon.com.br/blog/invasores-nao-precisam-violar-sua-api-violam-as-ferramentas/,8,102,22,2025-04-12,Invasores Nao Precisam Violar Sua Api Violam As Ferramentas,Institucional / Outros,2.75
4266,https://aiqon.com.br/blog/deloitte-classifica-action1-9a-empresa-crescimento-rapido/,4,177,17,2025-11-27,Deloitte Classifica Action1 9A Empresa Crescimento Rapido,Action1,4.25
4257,https://aiqon.com.br/blog/action1-expande-para-linux-gerenciamento-unificado-endpoints/,4,50,13,2025-11-25,Action1 Expande Para Linux Gerenciamento Unificado Endpoints,Action1,3.25
4250,https://aiqon.com.br/blog/action1-aprimora-microsoft-intune-com-patch-management/,5,6,15,2025-11-20,Action1 Aprimora Microsoft Intune Com Patch Management,Action1,3.0
4242,https://aiqon.com.br/blog/fim-da-vida-windows-10-dados-transicao/,5,27,13,2025-11-18,Fim Da Vida Windows 10 Dados Transicao,Institucional / Outros,2.6
4231,https://aiqon.com.br/blog/netwrix-quadrante-magico-gartner-pam-2025/,5,11,7,2025-11-14,Netwrix Quadrante Magico Gartner Pam 2025,Netwrix,1.4
4215,https://aiqon.com.br/blog/inovacoes-netwrix-para-msps/,3,47,8,2025-11-11,Inovacoes Netwrix Para Msps,Netwrix,2.6666666666666665
4210,https://aiqon.com.br/blog/vulnerabilidade-bola-owasp-api-top-10/,5,217,20,2025-11-11,Vulnerabilidade Bola Owasp Api Top 10,Institucional / Outros,4.0
4201,https://aiqon.com.br/blog/melhores-alternativas-manageengine-patch-manager-plus/,7,163,20,2025-06-11,Melhores Alternativas Manageengine Patch Manager Plus,Institucional / Outros,2.857142857142857
